id,status,title,progress,score,start_date,finish_date,last_watch_date,total_rewatch,notes
c3815a8d2f70,completed,Attack on titann,2,9.8,,,2026-06-06,,"somewhere in late 2021, and again year/s after"
20af3a798ebc,completed,Berserk 1997,,9.5,,,,2,
ef7fdce2e37b,completed,Spirited Away,,,,,,,
8f24061d0d97,plan to watch,chainsaw man (1 сезон),,8.4,,,,,waiting for release
45c4f3d21a1a,completed,Monster,,7.8,,,,,
f050b79b3714,completed,cowboy bebop (озвучка KANSAI),,10,,,,2,
e212aa9314b5,dropped,tokyo ghoul (2 seasons),,6.9,,,,,
96cf579ddcd2,completed,death note,,7.6,,,,,
9c019e0cc06c,completed,"steins;gate 2011 (1, 2 seasons)",,10,,,,,
5525b308e2fe,paused,"one punch man (1, 2 seasons),",,8,,,,,waiting for release
2aa663468ae1,completed,Redo the Healer (1 сезон),,6.9,,,,,
f09416395927,dropped,k-on (1 серия),,,,,,,
74ed97de3545,paused,одинокий рокер Bocchi the Rock (12 серий),,9,,,,,waiting for release
289005a4c41d,completed,"Евангелион 1995-1996 (26 серий, +фильм Конец Евангелиона)",,9.3,,,,,
a807aa3e58eb,completed,ходячий замок,,9.3,,,,,
6cc4f28c99f3,completed,Great Teacher Onidzuka,,10,,,,1,
183fb5840b55,dropped,"Клинок, рассекающий демонов (1 серия)",,,,,,,
23fa1b14609a,completed,Сага о Винланде 2 сезон 24 серия,,9.4,,,,2,
2fd6f3c04c4e,completed,Serial Experiments Lain (13 series),,8.3,,,,,
ddcd1ce1e789,plan to watch,Made in Abyss (2 seasons),,8.5,,,,,waiting for release
ccaa62af76f6,plan to watch,"spy x family (2 season, 12 ep)",,8.5,,,,,waiting for release
9ae1916d0bba,completed,"Для тебя, Бессмертный (Fumetsu no Anata e)",,8.6,,,,,
41df80e2d927,plan to watch,"Реинкарнация безработного: История о приключениях в другом мире 1 season: part 1, 2, 2 season: part 1,",,8.6,,,,,waiting for release
68484f03922c,completed,"High school DxD - 1 season, ??-07.04.2025",,6.9,,,,,
d805c52dcfe7,completed,Форма голоса (Koe no Katachi),,6.6,,,,,
23ee377f876f,plan to watch,"Re:Zero Жизнь в альтернативном мире с нуля 1 season, 2 season (1,2 части) + снежные воспоминания",,10,,,,,waiting for release
17e61c430394,plan to watch,Highschool of the Dead (3 серии),,,,,,,
cee35c22f970,plan to watch,Frieren: Beyond Journey's End (28 серий),,7.7,,,,,waiting for release
88e357f52ef9,completed,No Game No Life (1 сезон),,7,,,,,
55dd9dcf6565,plan to watch,Hellsing (Хеллсинг: Война с нечистью),,,,,,,
f5a2f386e393,plan to watch,Code Geass: Lelouch of the Rebellion (1 серия),,,,,,,
43f5567a9c9b,completed,Психопаспорт (2 сезона + фильм2015),,7,,,,,
a420f680c98f,plan to watch,Кулинарные поединки Сомы Shokugeki no Souma) (1 серия),,,,,,,
3bcd5a27b4f8,completed,Avatar The Last Airbender,,,,,,,
233afa3902dd,plan to watch,World End Harem (1 season),,3.6,,,,,waiting for release
ec6a19acd5c1,watching,Nichijou (Мелочи жизни) (3 ep),,,,,,,
e4c2a161849b,plan to watch,"10,?-05.03.2025 [*] Steins Gate 22 ep's",,,,,,,
11ea543a3134,completed,Mushoku Tensei 2 season part 2: 12 ep's,,8.7,,,,,
fed58cb6ee8a,plan to watch,"10,[*][2] KonoSuba: God's Blessing on This Wonderful World!",,,,,,,
7bf69583bce7,completed,KonoSuba 2,,9.5,,,,2,
e90c531eab05,completed,"ERASED (Город, в котором меня нет)",,8,,,,,
dea02cc83e2b,completed,KonoSuba 3,,9,,,,,
e6ae6530e497,dropped,"My Deer friend Nokotan, 1s 10 ep (half watched)",,,,,,,
984920bf72c7,completed,Welcome To N.H.K (10 ep watched),,,,,,,
1439ddddbdd3,completed,Spy x Family film: Code White,,8.5,,,,,
29ee6ba9d0d9,completed,Kiss x Sis: ep,,6.9,,,,,
a9ddda2853c5,completed,Seven Deadly Sins 1 season,,6.5,,,,,
0f4ccd3b1b67,plan to watch,1 season : Shimoneta: A Boring World Where the Concept of Dirty Jokes Doesn't Exist (2015),,6.9,,,,,
1acf8aa45676,paused,3 seasons : Tensei shitara Slime Datta Ken (исекай перерождение в слизь),,7,,,,,
8de158d95259,dropped,1 season : Seven Deadly Sins,,,,,,,
9fb046bc7d89,completed,Welcome To N.H.K (finished),,7.7,,,,,
a5d1913cbe95,completed,Prison School,,6.9,,,,,
74465fd245bc,plan to watch,"3.0, -.12.2024, [x] 6 ep : Ishuzoku Reviewer[ ]",,,,,,,
6e1999bced2c,plan to watch,"7 ep, 12.12.2024 [ ] : Nichijou (Мелочи жизни)",,,,,,,
4d8d282d8cd2,dropped,11 ep : Danmachi,,3.4,,,,,
5ca3af3a8556,plan to watch,"6.7, 14.12.2024, [*] 10 ep : Homeless god - Noragami [HWP]",,,,,,,
19141d745fc6,plan to watch,"9, 14.12.2024, [*], 1 season : Kusuriya no Hitorigoto TV-1",,,,,,,
3e17e789e373,plan to watch,"10, 17.12.2024, [*],Kimi no Na wa",,,,,,,
0895fca9063c,plan to watch,", 18.12.2024,25.12.2024 [ ], Kill la Kill 1 Season : 2 ep",,,,,,,
281e96780fc3,plan to watch,",20.12.2024-04.03.2025-30.03.2025 [<], Re;Zero Season 3 : ep 16",,,,,,,
3673350c6fa1,plan to watch,",20.12.2024, [ ], Demon Slayer, 1 ep",,,,,,,
4808881b9500,plan to watch,",25,12,2024, [x], Jojo Bizare Adventure 1 Season",,,,,,,
16dcc16ff3c8,plan to watch,"29.12.2024, [ ]. Noragami Aragoto (Homeless god season 2)",,,,,,,
9a8d5afa07ab,plan to watch,",,Code Geass [ ] 19 ep watched",,,,,,,
a14bd7d835e4,plan to watch,"10,07.01.2025,08.01.2025 [*], 13 ep Elfen Lied",,,,,,,
3d4057e256c7,plan to watch,",10,01.2025,17.01.2025 , [*] 13 ep Yuusha ga Shinda! 1 season",,,,,,,
2c074a9d8df9,plan to watch,"10, ,14.01.2025, [*] 13 ep, Mahou Shoujo Madoka Magika",,,,,,,
afd2ced274d0,plan to watch,"5, 17.01.2025, [x] 1 ep, Megami no Cafe Terrace",,,,,,,
24928d5ab302,plan to watch,",17.01.2025-21.04.2025-, [ ] 4 ep Тёмный дворецкий Kuroshitsuji",,,,,,,
4d0c4bceab6d,plan to watch,"6.5, 18.05.2025,[*] How NOT to summon a demon lord",,,,,,,
744b42c3fc07,plan to watch,",18.12.2024,[*] ep,Mahou Shoujo ni Akogarete",,,,,,,
b1b4545b113a,plan to watch,",18.12.2024, [*], Повелитель тьмы на подработке (Hataraku Maou-sama!), 13 ep",,,,,,,
9f6035382290,plan to watch,"8.3,20.12.2024 - 25.05.2025- 18.06.2025, 28.06.2025,06.07.2025 [*], 23 ep Kusuriya no Hitorigoto Season 2",,,,,,,
4c6474d97f7c,plan to watch,"10,12.02.2025-14.02.2025, [*], 14 + 1 special, Angel Beats",,,,,,,
80d70d6d7ebe,plan to watch,"9.5,12.02.2025,17.02.2025 [*] 12 ep, Kakegurui",,,,,,,
50b92c95bb5d,plan to watch,"7.8,17.02.2025 [*] 12 ep, Kakegurui xx",,,,,,,
a2429dab7a61,plan to watch,"10, 05.03.2025-06.03.2025 [*] Steins Gate 0",,,,,,,
64eb56cff231,plan to watch,"6.5, 06.03.2025-12.03.2025, [*], 10 ep, How NOT to summon a demon lord Omega (second season)",,,,,,,
346ace4157a1,plan to watch,"8.0,18.03.2025,[*] 12 ep, Headhunter to Another World: From Salaryman to Big Four! (Salaryman ga Isekai ni Ittara Shitennou ni Natta Hanashi)",,,,,,,
052d699ba9b0,plan to watch,"03.04.2025, [x] 1ep, Please put them on, Takamine San",,,,,,,
57a3180dac57,plan to watch,"03.04.2025, [x] 2ep, Ive been killing slimes for 300years and maxed my level",,,,,,,
aae008465cc0,plan to watch,"03.04.2025,20,12.2025 [ ] 4ep, Miss Kobayashis dragon maid",,,,,,,
900c7f002b03,plan to watch,"8.6, 08.04.2025-09.04.2025, [*] 13 ep, Arifureta Season 1",,,,,,,
68b166190b4f,plan to watch,"8.5, 09.04.2025-11.04.2025, [*] 12 ep, Arifureta Season 2",,,,,,,
1d21dab73d1b,plan to watch,"9, 11.04.2025, [*] 16 ep, Arifureta Season 3",,,,,,,
d97fb0a95970,plan to watch,"10,13.04.2025, [*] 12 ep, My Dress Up Darling",,,,,,,
1ec647e1ff3c,plan to watch,"24.04.2025, [ ] 1 ep, Highschool DxD NEW",,,,,,,
18ba5c5868fa,plan to watch,"27.04.2025, [ ] 11 ep Chobits",,,,,,,
a9e63a6131cc,plan to watch,"7.8, 09.06.2025, [ ] 2 half watched, Monster Musume",,,,,,,
db1b35546b15,plan to watch,"9, 18.06.2025, [*] Promised Neverland Season 1",,,,,,,
e33202f4fbc6,plan to watch,"9,18.06.2025-19.06.2025-22.05-2025,01-06-2026 [*] Mushi-shi 24 ep",,,,,,,
66e953f37e75,plan to watch,"22.05.2025 ~ 28.06.2025 ~ 06.07.2025, [*] Monster Musume 12 ep",,,,,,,
7203e5bda2d2,plan to watch,"10, 07.07.2025, [*] Konosuba Gods Blessing on wonderful world: Lenend of Crimson (full movie)",,,,,,,
7885e83a9d83,plan to watch,"9, 07.07.2025, [*] Konosuba Gods Blessing on wonderful world: God's Blessings On This Wonderful Choker!",,,,,,,
2fd562836a58,plan to watch,"07.07.2025, [*] Konosuba Gods Blessing on wonderful world 3: bonus stage",,,,,,,
1ea91e1b8354,plan to watch,"07.07.2025, [*] Konosuba Gods Blessing on wonderful world 2: Works of art!",,,,,,,
66e092e9ae02,plan to watch,"13.07.2025,25.12.2025,28.05.2026 [*], My Dress-Up Darling Season 2, 12 ep",,,,,,,
8d32c6d1b19e,plan to watch,"7.8, 13.07.2025, [*], Immoral Guild, 12 ep",,,,,,,
17ec338ee7b7,plan to watch,"7.6, 20.07.2025, [*] Oniichan wa Oshimai! 12 ep",,,,,,,
afec5d38fc81,plan to watch,",21.07.2025, [*] isekai wa smartphone to tomo ni 12 ep",,,,,,,
6cdb7515eeab,plan to watch,"8,22.07.2025, [*] isekai wa smartphone to tomo ni season 2",,,,,,,
efe6b53e787f,plan to watch,"10,27.07.2025,[*] Kizumonogatari I Tekketsuhen",,,,,,,
1aad3140ed13,plan to watch,"10,27.07.2025,[*] Kizumonogatari II Nekketsuhen",,,,,,,
c12c156722bf,plan to watch,"10,27.07.2025,[*] Kizumonogatari III Reiketsuhen",,,,,,,
817062921363,plan to watch,"8,27.07.2025,[*] Nekomonogatari 4 ep",,,,,,,
dc3e067d9685,plan to watch,"9,28.07.2025-29.07.2025, [*] Bakemonogatari 15 ep",,,,,,,
c62f3f4c7775,plan to watch,"9.6, 30.07.2025, 02.08.2025, [*] Nisemonogatari 11 ep",,,,,,,
89587e3e3ba1,plan to watch,"10,02.08.2025,15.08.2025,16.08.2025, [*] Monogatari Series Second Season, 26 ep",,,,,,,
a1a05d8b4c52,plan to watch,"9.6,08.08.2025, [*] Maou-sama, Retry! 12 ep",,,,,,,
090f72ba551e,plan to watch,"7.6,08.08.2025-09.08.2025, [*] Maou-sama, Retry! R, 6 ep",,,,,,,
1cf14eecfafc,plan to watch,"5,09.08.2025, [x] Ichiban Ushiro no Daimaou, 7 ep",,,,,,,
42b9ec593853,plan to watch,"9,12.08.2025, [*] Watamote, 12 ep",,,,,,,
bed745c88e2e,plan to watch,"9, 12.08.2025, [*] Watamote: Watashi ga Motenai no wa Dou Kangaetemo Omaera ga Warui!: Motenaishi, Nazomeite Miru 1 ep",,,,,,,
aff86d68511f,plan to watch,", 14.08.2025, [x] Shinmau Maou Testament (testament of sister new devil) 2 ep",,,,,,,
13d205c39a21,plan to watch,"7.7,16.08.2025 [*] Saga of Tanya the Evil 12 ep",,,,,,,
a5446983b0ca,plan to watch,"9, 30.08.2025 [*] Promised Neverland 2 season",,,,,,,
03e5b3f829cf,plan to watch,"9+, 01.09.2025, [x] Tate no Yuusha no Nariagari (Shield Hero isekai) 16 ep",,,,,,,
825f7c0376f1,plan to watch,", 08.09.2025, [*] Nidome no Jinsei wa Nani wo Suru (Beginning after an end) 12 ep",,,,,,,
93b87e2ae437,plan to watch,"12.09.2025, [ ] Lucky Star 1 ep",,,,,,,
feab67f16413,plan to watch,"9.6, 12.09.2025, [*] Hanamonogatari 5 ep",,,,,,,
5565caa62952,plan to watch,"9.9, 14.09.2025, [*] Tsukimichi 4 ep",,,,,,,
f9e6000644c4,plan to watch,"8.4,  16.09.2025, [*] Tsukimichi – Moonlit Fantasy 12 ep",,,,,,,
0cdf9031807f,plan to watch,"8, 16.09.2025,21.09.2025, [*] Tsukimichi – Moonlit Fantasy 2 season 25 ep",,,,,,,
25ac8ee85cfe,plan to watch,"9.9,24.09.2025,27.03.2026, [*] Isekai Ojisan 13 ep",,,,,,,
359483c09a7d,plan to watch,"10,24.09.2025, [*] Attack on titan 1 season 25 ep's",,,,,,,
6b5a4690de60,plan to watch,"10,27.09.2025, [*] Attack on titan OVA 8 ep",,,,,,,
576b855aaeca,plan to watch,"10,24.09.2025,28.09.2025,29.09.2025, [*] Attack on titan 2 season 12 ep",,,,,,,
f77fd0431545,plan to watch,"5.6,28.09.2025, [*] Kakushite! Makina-san!! 12 ep",,,,,,,
c1fd4aafbb76,plan to watch,"10,29.09.2025, [*] Attack on titan 3 season Part 1 12 ep",,,,,,,
32d490d14e5b,plan to watch,"10,30.09.2025, [*] Attack on titan 3 season Part 2 12 ep",,,,,,,
c11266864ad5,plan to watch,"9,07.10.2025, [*] Original Sin Takopi 6 ep",,,,,,,
fbf2eb9cd7a0,plan to watch,"9,08.10.2025,13.10.2025,10.12.2025,14.02.2026,16.02.2026 [*] Nagatoro 12 ep",,,,,,,
b922b074d4d5,plan to watch,",14.10.2025,17.11.2025, [ ] One Punch Man 3 7, (8 a bit) ep",,,,,,,
d0e3cef281f8,plan to watch,",15.10.2025,28.11.2025,06.12.2025,12.02.2025 [ ] Spy x Family 3 14 ep",,,,,,,
39481b7e7c10,plan to watch,",15.10.2025,06.12.2025,09.01.2026,11.02.2026 [ ] Fumetsu no Anata 3 16 ep",,,,,,,
4f51f865be33,plan to watch,"10,18.10.2025, [*] no longer allowed in another world 12 ep",,,,,,,
1b31859a71a7,plan to watch,"3.9,19.10.2025, [*] Colorful (Movie)",,,,,,,
cbe7b10d629b,plan to watch,"8,19.10.2025,20.10.2025 [*] Combatants will be dispatched 12 ep",,,,,,,
620011b4aed8,plan to watch,"7.6,21.10.2025,30.11.2025, [*] the worlds finest assasin gets reincarnated in another world as aristocrat",,,,,,,
174c3bd03d45,plan to watch,"9,20.11.2025,01.12.2025, [*] from bureaucrat to villainess dads been reincarnated (Akuyaku Reijou Tensei Ojisan), 10 ep",,,,,,,
1f01bb8dee48,plan to watch,",30.11.2025,07.03.2026 [ ] Owarimonogatari 1 ep",,,,,,,
70c1b75c23d8,plan to watch,",01.12.2025, [ ] Wise Man’s Grandchild ( Kenja no Mago ) 2 ep",,,,,,,
3cc149e5dcd5,plan to watch,"9.5,01.12.2025,05.12.2025 [*] blend s 12 ep",,,,,,,
c12d16115141,plan to watch,"10,07.12.2025, [*] Steins;Gate 0 22 ep",,,,,,,
a7184b276539,plan to watch,",09.12.2025, [x] Eromanga sensei 1 ep",,,,,,,
254bd196ff93,plan to watch,",10.12.2025, [ ] chainsaw man 9 ep",,,,,,,
fc95bfdf1a28,plan to watch,",12.12,2025, [ ] saving 80000 in another world for my retirement (老後に備えて異世界で８万枚の金貨を貯めます), 2 ep",,,,,,,
c88edb8d7d6c,plan to watch,",03.01.2026, [ ] Bocchi the rock 4 ep",,,,,,,
838c3938f901,plan to watch,",04.01.2026,12.05.2026 [ ] Berserk 1997 16 ep",,,,,,,
40d5146e3505,plan to watch,"9,06.01.2026, [*] Parasite 24 ep",,,,,,,
33029033f757,plan to watch,"9.8,06.01.2026, [*] Overlord 13 ep",,,,,,,
c00ab702df9b,plan to watch,"5.4,09.01.2026, [*] Overlord II 13 ep",,,,,,,
483ef1eaedb3,plan to watch,",09.01.2026, [x] Wonder Egg Priority 2 ep",,,,,,,
d4d95fbb33a6,plan to watch,",09.01.2026, [ ] the hidden dungeon only i can enter 1 ep",,,,,,,
5b216f694b8d,plan to watch,"10,13.01.2026,14.01.2026, [*] Attack on titan 4 season + film",,,,,,,
68630ebb3a2c,plan to watch,",14.01.2026, [ ] Gintama 1 ep",,,,,,,
58234526c5d5,plan to watch,"9.8,14.01.2026, [*]  Chainsaw Man: Reze-hen",,,,,,,
8a0829cf1085,plan to watch,",16.01.2026, [ ] Mirai Nikki 1 ep",,,,,,,
ee026ecec80b,plan to watch,",17.01.2026,22.02.2026,07.03.2026,27.03.2026,12.05.2026 [ ] frieren 2 season 10 ep",,,,,,,
4480997fdad6,plan to watch,",17.01.2026,12.05.2026 [ ] zankyou no terror 7 ep",,,,,,,
0674f18233e3,plan to watch,"8.6,21.01.2026,27.01.2026 [*] Cautious hero (Shinchou Yuusha) 12 ep",,,,,,,
666bb1361868,plan to watch,"10,27.01.2026,28.01.2026 [*] Re Zero Season 26 episodes",,,,,,,
e46e7608a4c0,plan to watch,",26.02.2026,02.03.2026,08.03.2026 [*] Date A Live 12 ep",,,,,,,
fe1fc29e35bc,plan to watch,",05.03.2026,06.03.2026,27.03.2026 [ ] Youjo Senki (Tanya the evil) 9 ep",,,,,,,
e9ec8179ca88,plan to watch,",05.03.2026,12.0.5.2026 [ ] Kakegurui 3 ep",,,,,,,
4d2412c39f5d,plan to watch,",08.03.2026,09.03.2026 [ ] Date a Live II 2 ep",,,,,,,
bac5bfa240b1,plan to watch,",10.03.2026,18.03.2026,11.04.2026 [ ] Seihantai na kimi to boku(YOU AND I ARE POLAR OPPOSITES) 10 ep",,,,,,,
97db3e8cbcf9,plan to watch,"13.03.2026, [*] sankarea (zombie girlfriend) 12 ep",,,,,,,
33ee731334c0,plan to watch,",27.03.2026, [ ] Black Lagoon 2 ep",,,,,,,
95df9eb3bc9d,plan to watch,"8,27.03.2026,29.03.2026, [*] Fantasy Bishoujo Juniku Ojisan to 12 ep",,,,,,,
d6696cc47ae6,plan to watch,",06.04.2026, [x] Beheneko: The Elf-Girl’s Cat is Secretly an S-Ranked Monster!, 1 ep",,,,,,,
86a544fcaf3c,plan to watch,",15.04.2026, [ ] Sarayia Goyou 1 ep (House of Five Leaves)",,,,,,,
39fa447883ad,plan to watch,"8.7,01.05.2026,02.05.2026,03.05.2026 [*] Yofukashi no Uta, 13 ep",,,,,,,
1ed63c4ebbf6,plan to watch,"10,03.05.2026,06.05.2026 [*] Cowboy Bebop 26 ep",,,,,,,
34d69f3a486b,plan to watch,",06.05.2026,12.05.2026 [ ] Charlotte 4 ep",,,,,,,
827653e30818,plan to watch,",07.05.2026,19.05.2026,28.05.2026,05.06.2026 [ ] Re Zero Season 4 8 ep",,,,,,,
fb10d192fb39,plan to watch,",07.05.2026,12.05.2026,30.05.2026 [ ] That Time I got reincarnated as a Slime Season 4 8 ep",,,,,,,
4ba0c62cb2a9,plan to watch,"10,08.05.2026,09.05.2026 [*] chi. chikyuu no undou ni tsuite (orb on the movements of the earth) 25 ep",,,,,,,
e3b7695e02fe,plan to watch,",19.05.2026 [ ] Yofukashi no Uta Season 2, 1 ep",,,,,,,
bae7ac47c0fa,plan to watch,"6.8,20.05.2026 [*] Magic Maker ISEKAI MAHOU NO TSUKURIKATA 12 ep",,,,,,,
69ed10dc437a,plan to watch,",28.05.2026,05.06.2026 [ ] ISEKAI NONBIRI NOUKA 5 (7:32)  ep",,,,,,,
ff57573cad8a,plan to watch,"9.8,30.05.2026,31.05.2026,01.06.2026 [*]  Delicious in Dungeon (DUNGEON MESHI) 24 ep",,,,,,,
8161d72eed47,plan to watch,",04.06.2026, [ ] Plastic Memories 1 ep",,,,,,,
e267817afd9f,plan to watch,",05.06.2026,06.06.2026 [ ] Goblin Slayer 5 ep",,,,,,,
